{"build_index_time (s)": 10.521044492721558, "encode_passage_time (s)": 0.3753981590270996}