{"build_index_time (s)": 10.040693759918213, "encode_passage_time (s)": 0.3628573417663574}