{"build_index_time (s)": 14.642200946807861, "encode_passage_time (s)": 0.5385138988494873}