{"build_index_time (s)": 11.321388959884644, "encode_passage_time (s)": 0.4684274196624756}