{"build_index_time (s)": 11.901743173599243, "encode_passage_time (s)": 0.5513918399810791}