{"build_index_time (s)": 24.369958877563477, "encode_passage_time (s)": 1.153120517730713}