{"total_encode_time_ms": 1360.0605189999999, "n_encode_query": 100, "average_encode_time_ms": 13.60060519}