{"build_index_time (s)": 24.194382429122925, "encode_passage_time (s)": 1.021890640258789}