{"total_encode_time_ms": 1463.397963, "n_encode_query": 100, "average_encode_time_ms": 14.633979629999999}