{"build_index_time (s)": 13.06274676322937, "encode_passage_time (s)": 0.42387938499450684}