{"build_index_time (s)": 13.525404453277588, "encode_passage_time (s)": 0.39678406715393066}