{"build_index_time (s)": 12.275872230529785, "encode_passage_time (s)": 0.5380570888519287}