{"build_index_time (s)": 11.417270421981812, "encode_passage_time (s)": 0.37099266052246094}