{"total_encode_time_ms": 1575.4764309999998, "n_encode_query": 100, "average_encode_time_ms": 15.754764309999999}