{"total_encode_time_ms": 1366.1000179999999, "n_encode_query": 100, "average_encode_time_ms": 13.661000179999998}