{"build_index_time (s)": 11.648533344268799, "encode_passage_time (s)": 0.47074079513549805}