{"total_encode_time_ms": 1490.135942, "n_encode_query": 100, "average_encode_time_ms": 14.901359419999999}