{"total_encode_time_ms": 1471.936237, "n_encode_query": 100, "average_encode_time_ms": 14.719362369999999}