{"build_index_time (s)": 25.031776905059814, "encode_passage_time (s)": 1.069321632385254}