{"build_index_time (s)": 12.250975608825684, "encode_passage_time (s)": 0.44762563705444336}