{"total_encode_time_ms": 1298.511956, "n_encode_query": 100, "average_encode_time_ms": 12.985119560000001}