{"total_encode_time_ms": 1406.9295809999999, "n_encode_query": 100, "average_encode_time_ms": 14.069295809999998}