{"build_index_time (s)": 12.812103986740112, "encode_passage_time (s)": 0.4415771961212158}