{"build_index_time (s)": 10.939963817596436, "encode_passage_time (s)": 0.4230644702911377}