{"build_index_time (s)": 11.580103158950806, "encode_passage_time (s)": 0.40566515922546387}