{"build_index_time (s)": 12.575686693191528, "encode_passage_time (s)": 0.47737598419189453}