{"total_encode_time_ms": 1477.0935299999999, "n_encode_query": 100, "average_encode_time_ms": 14.770935299999998}