{"build_index_time (s)": 10.893640279769897, "encode_passage_time (s)": 0.41602468490600586}