{"build_index_time (s)": 10.865254163742065, "encode_passage_time (s)": 0.4614567756652832}