{"build_index_time (s)": 18.763463497161865, "encode_passage_time (s)": 0.5890169143676758}