{"build_index_time (s)": 10.294273138046265, "encode_passage_time (s)": 0.19745373725891113}