{"total_encode_time_ms": 1784.5105529999998, "n_encode_query": 100, "average_encode_time_ms": 17.845105529999998}