{"build_index_time (s)": 11.301028728485107, "encode_passage_time (s)": 0.30675292015075684}