{"build_index_time (s)": 24.725587129592896, "encode_passage_time (s)": 0.872877836227417}