{"total_encode_time_ms": 1448.9997999999998, "n_encode_query": 100, "average_encode_time_ms": 14.489997999999998}