{"build_index_time (s)": 26.31724739074707, "encode_passage_time (s)": 1.1025638580322266}